,Date,Year,No of Tweets
0,2016-01-01,2016,12
1,2016-01-02,2016,11
2,2016-01-03,2016,18
3,2016-01-04,2016,1
4,2016-01-05,2016,12
5,2016-01-06,2016,17
6,2016-01-07,2016,14
7,2016-01-08,2016,13
8,2016-01-09,2016,10
9,2016-01-10,2016,13
10,2016-01-11,2016,11
11,2016-01-12,2016,12
12,2016-01-13,2016,15
13,2016-01-14,2016,14
14,2016-01-15,2016,5
15,2016-01-16,2016,15
16,2016-01-17,2016,6
17,2016-01-18,2016,7
18,2016-01-19,2016,17
19,2016-01-20,2016,13
20,2016-01-21,2016,15
21,2016-01-22,2016,31
22,2016-01-23,2016,10
23,2016-01-24,2016,13
24,2016-01-25,2016,22
25,2016-01-26,2016,29
26,2016-01-27,2016,10
27,2016-01-28,2016,32
28,2016-01-29,2016,20
29,2016-01-30,2016,7
30,2016-01-31,2016,17
31,2016-02-01,2016,4
32,2016-02-02,2016,16
33,2016-02-03,2016,15
34,2016-02-04,2016,9
35,2016-02-05,2016,10
36,2016-02-06,2016,17
37,2016-02-07,2016,22
38,2016-02-08,2016,12
39,2016-02-09,2016,15
40,2016-02-10,2016,4
41,2016-02-11,2016,4
42,2016-02-12,2016,19
43,2016-02-13,2016,23
44,2016-02-14,2016,19
45,2016-02-15,2016,9
46,2016-02-16,2016,10
47,2016-02-17,2016,18
48,2016-02-18,2016,14
49,2016-02-19,2016,19
50,2016-02-20,2016,17
51,2016-02-21,2016,10
52,2016-02-22,2016,17
53,2016-02-23,2016,27
54,2016-02-24,2016,22
55,2016-02-25,2016,10
56,2016-02-26,2016,20
57,2016-02-27,2016,19
58,2016-02-28,2016,27
59,2016-02-29,2016,13
60,2016-03-01,2016,12
61,2016-03-02,2016,20
62,2016-03-03,2016,19
63,2016-03-04,2016,12
64,2016-03-05,2016,20
65,2016-03-06,2016,15
66,2016-03-07,2016,14
67,2016-03-08,2016,22
68,2016-03-09,2016,10
69,2016-03-10,2016,1
70,2016-03-11,2016,16
71,2016-03-12,2016,17
72,2016-03-13,2016,11
73,2016-03-14,2016,7
74,2016-03-15,2016,27
75,2016-03-16,2016,7
76,2016-03-17,2016,8
77,2016-03-18,2016,15
78,2016-03-19,2016,23
79,2016-03-20,2016,13
80,2016-03-21,2016,1
81,2016-03-22,2016,13
82,2016-03-23,2016,15
83,2016-03-24,2016,24
84,2016-03-25,2016,1
85,2016-03-26,2016,13
86,2016-03-27,2016,8
87,2016-03-28,2016,11
88,2016-03-29,2016,15
89,2016-03-30,2016,7
90,2016-03-31,2016,7
91,2016-04-01,2016,10
92,2016-04-02,2016,9
93,2016-04-03,2016,12
94,2016-04-04,2016,9
95,2016-04-05,2016,6
96,2016-04-08,2016,8
97,2016-04-09,2016,11
98,2016-04-10,2016,13
99,2016-04-11,2016,14
100,2016-04-12,2016,5
101,2016-04-13,2016,4
102,2016-04-14,2016,6
103,2016-04-15,2016,3
104,2016-04-16,2016,12
105,2016-04-18,2016,5
106,2016-04-19,2016,16
107,2016-04-20,2016,10
108,2016-04-21,2016,7
109,2016-04-22,2016,4
110,2016-04-23,2016,10
111,2016-04-24,2016,8
112,2016-04-25,2016,11
113,2016-04-26,2016,14
114,2016-04-27,2016,15
115,2016-04-28,2016,14
116,2016-04-29,2016,9
117,2016-04-30,2016,6
118,2016-05-01,2016,9
119,2016-05-02,2016,12
120,2016-05-03,2016,12
121,2016-05-04,2016,7
122,2016-05-05,2016,5
123,2016-05-06,2016,15
124,2016-05-07,2016,8
125,2016-05-08,2016,1
126,2016-05-09,2016,16
127,2016-05-10,2016,16
128,2016-05-11,2016,16
129,2016-05-12,2016,2
130,2016-05-13,2016,3
131,2016-05-14,2016,3
132,2016-05-15,2016,13
133,2016-05-16,2016,14
134,2016-05-17,2016,18
135,2016-05-18,2016,34
136,2016-05-19,2016,5
137,2016-05-20,2016,15
138,2016-05-21,2016,10
139,2016-05-25,2016,12
140,2016-05-26,2016,8
141,2016-05-27,2016,5
142,2016-05-28,2016,11
143,2016-05-29,2016,6
144,2016-05-30,2016,13
145,2016-05-31,2016,9
146,2016-06-01,2016,3
147,2016-06-02,2016,6
148,2016-06-03,2016,20
149,2016-06-04,2016,9
150,2016-06-05,2016,3
151,2016-06-06,2016,10
152,2016-06-07,2016,4
153,2016-06-08,2016,16
154,2016-06-09,2016,13
155,2016-06-10,2016,14
156,2016-06-11,2016,11
157,2016-06-12,2016,6
158,2016-06-15,2016,8
159,2016-06-16,2016,4
160,2016-06-17,2016,1
161,2016-06-19,2016,1
162,2016-06-20,2016,2
163,2016-06-21,2016,12
164,2016-06-22,2016,5
165,2016-06-23,2016,18
166,2016-06-24,2016,13
167,2016-06-25,2016,5
168,2016-06-26,2016,17
169,2016-06-27,2016,2
170,2016-06-28,2016,10
171,2016-06-29,2016,9
172,2016-06-30,2016,12
173,2016-07-01,2016,10
174,2016-07-02,2016,14
175,2016-07-03,2016,8
176,2016-07-04,2016,13
177,2016-07-05,2016,5
178,2016-07-06,2016,16
179,2016-07-07,2016,6
180,2016-07-08,2016,6
181,2016-07-09,2016,2
182,2016-07-10,2016,4
183,2016-07-11,2016,4
184,2016-07-12,2016,14
185,2016-07-13,2016,15
186,2016-07-14,2016,6
187,2016-07-15,2016,4
188,2016-07-16,2016,9
189,2016-07-17,2016,17
190,2016-07-18,2016,6
191,2016-07-19,2016,7
192,2016-07-20,2016,9
193,2016-07-21,2016,25
194,2016-07-22,2016,7
195,2016-07-23,2016,16
196,2016-07-24,2016,18
197,2016-07-25,2016,18
198,2016-07-26,2016,18
199,2016-07-27,2016,20
200,2016-07-28,2016,18
201,2016-07-29,2016,30
202,2016-07-30,2016,27
203,2016-07-31,2016,6
204,2016-08-01,2016,22
205,2016-08-02,2016,17
206,2016-08-03,2016,7
207,2016-08-04,2016,5
208,2016-08-05,2016,35
209,2016-08-06,2016,10
210,2016-08-07,2016,7
211,2016-08-08,2016,13
212,2016-08-09,2016,17
213,2016-08-10,2016,15
214,2016-08-11,2016,5
215,2016-08-12,2016,16
216,2016-08-13,2016,8
217,2016-08-14,2016,8
218,2016-08-15,2016,5
219,2016-08-16,2016,4
220,2016-08-17,2016,10
221,2016-08-18,2016,3
222,2016-08-19,2016,8
223,2016-08-20,2016,3
224,2016-08-21,2016,4
225,2016-08-22,2016,13
226,2016-08-23,2016,8
227,2016-08-24,2016,8
228,2016-08-25,2016,10
229,2016-08-26,2016,19
230,2016-08-27,2016,7
231,2016-08-28,2016,2
232,2016-08-29,2016,2
233,2016-08-30,2016,3
234,2016-08-31,2016,5
235,2016-09-01,2016,15
236,2016-09-02,2016,5
237,2016-09-03,2016,5
238,2016-09-04,2016,9
239,2016-09-05,2016,3
240,2016-09-06,2016,9
241,2016-09-07,2016,2
242,2016-09-08,2016,8
243,2016-09-09,2016,10
244,2016-09-10,2016,12
245,2016-09-11,2016,2
246,2016-09-12,2016,3
247,2016-09-13,2016,9
248,2016-09-14,2016,12
249,2016-09-15,2016,15
250,2016-09-16,2016,5
251,2016-09-17,2016,14
252,2016-09-18,2016,3
253,2016-09-19,2016,4
254,2016-09-21,2016,3
255,2016-09-22,2016,5
256,2016-09-23,2016,7
257,2016-09-24,2016,7
258,2016-09-25,2016,4
259,2016-09-26,2016,6
260,2016-09-27,2016,51
261,2016-09-28,2016,9
262,2016-09-29,2016,8
263,2016-09-30,2016,12
264,2016-10-01,2016,6
265,2016-10-02,2016,2
266,2016-10-05,2016,49
267,2016-10-06,2016,13
268,2016-10-07,2016,2
269,2016-10-08,2016,5
270,2016-10-09,2016,12
271,2016-10-10,2016,62
272,2016-10-11,2016,16
273,2016-10-12,2016,8
274,2016-10-13,2016,7
275,2016-10-16,2016,17
276,2016-10-17,2016,23
277,2016-10-18,2016,13
278,2016-10-19,2016,20
279,2016-10-20,2016,87
280,2016-10-21,2016,12
281,2016-10-22,2016,16
282,2016-10-23,2016,12
283,2016-10-24,2016,18
284,2016-10-25,2016,20
285,2016-10-26,2016,3
286,2016-10-27,2016,20
287,2016-10-28,2016,10
288,2016-10-29,2016,6
289,2016-10-30,2016,8
290,2016-11-02,2016,9
291,2016-11-03,2016,10
292,2016-11-04,2016,13
293,2016-11-05,2016,9
294,2016-11-06,2016,10
295,2016-11-07,2016,13
296,2016-11-08,2016,17
297,2016-11-09,2016,3
298,2016-11-10,2016,1
299,2016-11-11,2016,5
300,2016-11-12,2016,1
301,2016-11-13,2016,8
302,2016-11-15,2016,2
303,2016-11-16,2016,5
304,2016-11-17,2016,1
305,2016-11-18,2016,4
306,2016-11-19,2016,4
307,2016-11-20,2016,5
308,2016-11-21,2016,1
309,2016-11-22,2016,10
310,2016-11-23,2016,1
311,2016-11-24,2016,3
312,2016-11-26,2016,1
313,2016-11-27,2016,12
314,2016-11-28,2016,3
315,2016-11-29,2016,11
316,2016-11-30,2016,11
317,2016-12-01,2016,4
318,2016-12-02,2016,1
319,2016-12-03,2016,6
320,2016-12-04,2016,11
321,2016-12-05,2016,3
322,2016-12-06,2016,5
323,2016-12-07,2016,4
324,2016-12-08,2016,5
325,2016-12-09,2016,3
326,2016-12-10,2016,9
327,2016-12-11,2016,4
328,2016-12-12,2016,7
329,2016-12-13,2016,8
330,2016-12-14,2016,3
331,2016-12-15,2016,5
332,2016-12-16,2016,4
333,2016-12-17,2016,6
334,2016-12-18,2016,3
335,2016-12-19,2016,2
336,2016-12-20,2016,6
337,2016-12-21,2016,3
338,2016-12-22,2016,5
339,2016-12-23,2016,6
340,2016-12-24,2016,4
341,2016-12-25,2016,3
342,2016-12-26,2016,3
343,2016-12-27,2016,3
344,2016-12-28,2016,5
345,2016-12-29,2016,1
346,2016-12-30,2016,3
347,2016-12-31,2016,3
348,2017-01-01,2017,6
349,2017-01-02,2017,7
350,2017-01-03,2017,10
351,2017-01-04,2017,10
352,2017-01-05,2017,6
353,2017-01-06,2017,12
354,2017-01-07,2017,8
355,2017-01-08,2017,6
356,2017-01-09,2017,8
357,2017-01-10,2017,4
358,2017-01-11,2017,7
359,2017-01-12,2017,6
360,2017-01-13,2017,8
361,2017-01-14,2017,3
362,2017-01-15,2017,8
363,2017-01-16,2017,3
364,2017-01-17,2017,13
365,2017-01-18,2017,8
366,2017-01-19,2017,8
367,2017-01-20,2017,13
368,2017-01-21,2017,3
369,2017-01-22,2017,4
370,2017-01-23,2017,1
371,2017-01-24,2017,4
372,2017-01-25,2017,8
373,2017-01-26,2017,11
374,2017-01-27,2017,7
375,2017-01-28,2017,5
376,2017-01-29,2017,7
377,2017-01-30,2017,7
378,2017-01-31,2017,3
379,2017-02-01,2017,4
380,2017-02-02,2017,8
381,2017-02-03,2017,7
382,2017-02-04,2017,9
383,2017-02-05,2017,6
384,2017-02-06,2017,6
385,2017-02-07,2017,5
386,2017-02-08,2017,11
387,2017-02-09,2017,8
388,2017-02-10,2017,3
389,2017-02-11,2017,9
390,2017-02-12,2017,9
391,2017-02-13,2017,3
392,2017-02-14,2017,6
393,2017-02-15,2017,11
394,2017-02-16,2017,6
395,2017-02-17,2017,8
396,2017-02-18,2017,4
397,2017-02-19,2017,1
398,2017-02-20,2017,4
399,2017-02-21,2017,3
400,2017-02-22,2017,2
401,2017-02-23,2017,1
402,2017-02-24,2017,6
403,2017-02-25,2017,7
404,2017-02-26,2017,4
405,2017-02-27,2017,2
406,2017-02-28,2017,1
407,2017-03-01,2017,3
408,2017-03-02,2017,1
409,2017-03-03,2017,13
410,2017-03-04,2017,7
411,2017-03-05,2017,3
412,2017-03-06,2017,4
413,2017-03-07,2017,8
414,2017-03-08,2017,6
415,2017-03-09,2017,4
416,2017-03-10,2017,3
417,2017-03-11,2017,1
418,2017-03-12,2017,1
419,2017-03-13,2017,5
420,2017-03-14,2017,2
421,2017-03-15,2017,7
422,2017-03-16,2017,7
423,2017-03-17,2017,9
424,2017-03-18,2017,2
425,2017-03-19,2017,1
426,2017-03-20,2017,7
427,2017-03-21,2017,4
428,2017-03-22,2017,1
429,2017-03-23,2017,7
430,2017-03-24,2017,4
431,2017-03-25,2017,4
432,2017-03-26,2017,1
433,2017-03-27,2017,1
434,2017-03-28,2017,10
435,2017-03-29,2017,4
436,2017-03-30,2017,9
437,2017-03-31,2017,8
438,2017-04-01,2017,8
439,2017-04-02,2017,3
440,2017-04-03,2017,8
441,2017-04-04,2017,4
442,2017-04-05,2017,1
443,2017-04-06,2017,2
444,2017-04-07,2017,1
445,2017-04-08,2017,5
446,2017-04-09,2017,2
447,2017-04-10,2017,3
448,2017-04-11,2017,5
449,2017-04-12,2017,6
450,2017-04-13,2017,4
451,2017-04-14,2017,3
452,2017-04-16,2017,5
453,2017-04-17,2017,8
454,2017-04-18,2017,7
455,2017-04-19,2017,4
456,2017-04-20,2017,4
457,2017-04-21,2017,5
458,2017-04-22,2017,10
459,2017-04-23,2017,7
460,2017-04-24,2017,7
461,2017-04-25,2017,5
462,2017-04-26,2017,9
463,2017-04-27,2017,12
464,2017-04-28,2017,4
465,2017-04-29,2017,5
466,2017-04-30,2017,5
467,2017-05-01,2017,2
468,2017-05-02,2017,4
469,2017-05-03,2017,4
470,2017-05-04,2017,10
471,2017-05-05,2017,10
472,2017-05-06,2017,1
473,2017-05-07,2017,6
474,2017-05-08,2017,10
475,2017-05-09,2017,2
476,2017-05-10,2017,11
477,2017-05-11,2017,6
478,2017-05-12,2017,9
479,2017-05-13,2017,4
480,2017-05-14,2017,1
481,2017-05-15,2017,1
482,2017-05-16,2017,6
483,2017-05-17,2017,1
484,2017-05-18,2017,4
485,2017-05-19,2017,3
486,2017-05-20,2017,2
487,2017-05-21,2017,3
488,2017-05-22,2017,2
489,2017-05-23,2017,4
490,2017-05-24,2017,2
491,2017-05-25,2017,4
492,2017-05-26,2017,4
493,2017-05-27,2017,7
494,2017-05-28,2017,12
495,2017-05-29,2017,6
496,2017-05-30,2017,5
497,2017-05-31,2017,9
498,2017-06-01,2017,5
499,2017-06-02,2017,10
500,2017-06-03,2017,4
501,2017-06-04,2017,3
502,2017-06-05,2017,8
503,2017-06-06,2017,10
504,2017-06-07,2017,5
505,2017-06-09,2017,7
506,2017-06-10,2017,2
507,2017-06-11,2017,4
508,2017-06-12,2017,8
509,2017-06-13,2017,10
510,2017-06-14,2017,4
511,2017-06-15,2017,7
512,2017-06-16,2017,7
513,2017-06-17,2017,3
514,2017-06-18,2017,7
515,2017-06-19,2017,13
516,2017-06-20,2017,6
517,2017-06-21,2017,9
518,2017-06-22,2017,13
519,2017-06-23,2017,7
520,2017-06-24,2017,6
521,2017-06-25,2017,2
522,2017-06-26,2017,9
523,2017-06-27,2017,14
524,2017-06-28,2017,9
525,2017-06-29,2017,13
526,2017-06-30,2017,7
527,2017-07-01,2017,11
528,2017-07-02,2017,4
529,2017-07-03,2017,10
530,2017-07-04,2017,6
531,2017-07-05,2017,5
532,2017-07-06,2017,4
533,2017-07-07,2017,7
534,2017-07-08,2017,4
535,2017-07-09,2017,11
536,2017-07-10,2017,11
537,2017-07-11,2017,7
538,2017-07-12,2017,14
539,2017-07-13,2017,4
540,2017-07-14,2017,11
541,2017-07-15,2017,8
542,2017-07-16,2017,8
543,2017-07-17,2017,3
544,2017-07-18,2017,5
545,2017-07-19,2017,5
546,2017-07-20,2017,3
547,2017-07-21,2017,7
548,2017-07-22,2017,14
549,2017-07-23,2017,5
550,2017-07-24,2017,9
551,2017-07-25,2017,19
552,2017-07-26,2017,12
553,2017-07-27,2017,9
554,2017-07-28,2017,9
555,2017-07-29,2017,14
556,2017-07-30,2017,1
557,2017-07-31,2017,4
558,2017-08-01,2017,3
559,2017-08-02,2017,4
560,2017-08-03,2017,10
561,2017-08-04,2017,16
562,2017-08-05,2017,9
563,2017-08-06,2017,2
564,2017-08-07,2017,16
565,2017-08-08,2017,8
566,2017-08-09,2017,11
567,2017-08-10,2017,9
568,2017-08-11,2017,8
569,2017-08-12,2017,9
570,2017-08-13,2017,4
571,2017-08-14,2017,9
572,2017-08-15,2017,10
573,2017-08-16,2017,15
574,2017-08-17,2017,12
575,2017-08-18,2017,8
576,2017-08-19,2017,10
577,2017-08-20,2017,1
578,2017-08-21,2017,3
579,2017-08-22,2017,8
580,2017-08-23,2017,10
581,2017-08-24,2017,15
582,2017-08-25,2017,14
583,2017-08-26,2017,12
584,2017-08-27,2017,11
585,2017-08-28,2017,4
586,2017-08-29,2017,6
587,2017-08-30,2017,5
588,2017-08-31,2017,5
589,2017-09-01,2017,7
590,2017-09-02,2017,4
591,2017-09-03,2017,13
592,2017-09-04,2017,1
593,2017-09-05,2017,6
594,2017-09-06,2017,8
595,2017-09-07,2017,12
596,2017-09-08,2017,8
597,2017-09-09,2017,3
598,2017-09-10,2017,11
599,2017-09-11,2017,2
600,2017-09-12,2017,5
601,2017-09-13,2017,3
602,2017-09-14,2017,13
603,2017-09-15,2017,14
604,2017-09-16,2017,3
605,2017-09-17,2017,15
606,2017-09-18,2017,5
607,2017-09-19,2017,9
608,2017-09-20,2017,26
609,2017-09-21,2017,9
610,2017-09-22,2017,11
611,2017-09-23,2017,13
612,2017-09-24,2017,11
613,2017-09-25,2017,9
614,2017-09-26,2017,21
615,2017-09-27,2017,12
616,2017-09-28,2017,8
617,2017-09-29,2017,12
618,2017-09-30,2017,32
619,2017-10-01,2017,8
620,2017-10-02,2017,2
621,2017-10-03,2017,4
622,2017-10-04,2017,13
623,2017-10-05,2017,10
624,2017-10-06,2017,3
625,2017-10-07,2017,12
626,2017-10-08,2017,11
627,2017-10-09,2017,3
628,2017-10-10,2017,11
629,2017-10-11,2017,15
630,2017-10-12,2017,12
631,2017-10-13,2017,13
632,2017-10-14,2017,14
633,2017-10-15,2017,2
634,2017-10-16,2017,9
635,2017-10-17,2017,9
636,2017-10-18,2017,17
637,2017-10-19,2017,7
638,2017-10-20,2017,11
639,2017-10-21,2017,12
640,2017-10-22,2017,5
641,2017-10-23,2017,4
642,2017-10-24,2017,8
643,2017-10-25,2017,13
644,2017-10-26,2017,11
645,2017-10-27,2017,15
646,2017-10-28,2017,11
647,2017-10-29,2017,6
648,2017-10-30,2017,4
649,2017-10-31,2017,15
650,2017-11-01,2017,15
651,2017-11-02,2017,14
652,2017-11-03,2017,20
653,2017-11-04,2017,5
654,2017-11-05,2017,6
655,2017-11-06,2017,7
656,2017-11-07,2017,11
657,2017-11-08,2017,12
658,2017-11-09,2017,4
659,2017-11-10,2017,9
660,2017-11-11,2017,4
661,2017-11-12,2017,8
662,2017-11-13,2017,4
663,2017-11-14,2017,8
664,2017-11-15,2017,15
665,2017-11-16,2017,7
666,2017-11-17,2017,7
667,2017-11-18,2017,4
668,2017-11-19,2017,4
669,2017-11-20,2017,4
670,2017-11-21,2017,2
671,2017-11-22,2017,11
672,2017-11-23,2017,8
673,2017-11-24,2017,10
674,2017-11-25,2017,5
675,2017-11-26,2017,3
676,2017-11-27,2017,4
677,2017-11-28,2017,15
678,2017-11-29,2017,20
679,2017-11-30,2017,15
680,2017-12-01,2017,9
681,2017-12-02,2017,4
682,2017-12-03,2017,14
683,2017-12-04,2017,4
684,2017-12-05,2017,2
685,2017-12-06,2017,5
686,2017-12-07,2017,9
687,2017-12-08,2017,8
688,2017-12-09,2017,14
689,2017-12-10,2017,4
690,2017-12-11,2017,1
691,2017-12-12,2017,5
692,2017-12-13,2017,5
693,2017-12-14,2017,7
694,2017-12-15,2017,4
695,2017-12-16,2017,8
696,2017-12-17,2017,2
697,2017-12-18,2017,13
698,2017-12-19,2017,5
699,2017-12-20,2017,6
700,2017-12-21,2017,5
701,2017-12-22,2017,11
702,2017-12-23,2017,6
703,2017-12-24,2017,4
704,2017-12-25,2017,5
705,2017-12-26,2017,3
706,2017-12-27,2017,2
707,2017-12-28,2017,11
708,2017-12-29,2017,8
709,2017-12-30,2017,6
710,2017-12-31,2017,9
711,2018-01-01,2018,3
712,2018-01-02,2018,13
713,2018-01-03,2018,4
714,2018-01-04,2018,10
715,2018-01-05,2018,6
716,2018-01-06,2018,7
717,2018-01-07,2018,5
718,2018-01-08,2018,7
719,2018-01-09,2018,5
720,2018-01-10,2018,10
721,2018-01-11,2018,8
722,2018-01-12,2018,14
723,2018-01-13,2018,6
724,2018-01-14,2018,11
725,2018-01-15,2018,4
726,2018-01-16,2018,17
727,2018-01-17,2018,5
728,2018-01-18,2018,12
729,2018-01-19,2018,6
730,2018-01-20,2018,8
731,2018-01-21,2018,9
732,2018-01-22,2018,4
733,2018-01-23,2018,6
734,2018-01-24,2018,5
735,2018-01-25,2018,4
736,2018-01-26,2018,7
737,2018-01-27,2018,3
738,2018-01-28,2018,4
739,2018-01-29,2018,1
740,2018-01-31,2018,1
741,2018-02-01,2018,3
742,2018-02-02,2018,6
743,2018-02-03,2018,4
744,2018-02-04,2018,4
745,2018-02-05,2018,7
746,2018-02-06,2018,5
747,2018-02-07,2018,7
748,2018-02-08,2018,5
749,2018-02-09,2018,4
750,2018-02-10,2018,9
751,2018-02-11,2018,4
752,2018-02-12,2018,3
753,2018-02-13,2018,2
754,2018-02-14,2018,4
755,2018-02-15,2018,7
756,2018-02-16,2018,3
757,2018-02-17,2018,8
758,2018-02-18,2018,12
759,2018-02-19,2018,3
760,2018-02-20,2018,13
761,2018-02-21,2018,8
762,2018-02-22,2018,10
763,2018-02-23,2018,10
764,2018-02-24,2018,10
765,2018-02-25,2018,6
766,2018-02-27,2018,8
767,2018-02-28,2018,10
768,2018-03-01,2018,6
769,2018-03-02,2018,13
770,2018-03-03,2018,4
771,2018-03-04,2018,1
772,2018-03-05,2018,6
773,2018-03-06,2018,8
774,2018-03-07,2018,6
775,2018-03-08,2018,5
776,2018-03-09,2018,5
777,2018-03-10,2018,11
778,2018-03-11,2018,6
779,2018-03-12,2018,6
780,2018-03-13,2018,8
781,2018-03-14,2018,10
782,2018-03-15,2018,6
783,2018-03-16,2018,4
784,2018-03-17,2018,4
785,2018-03-18,2018,4
786,2018-03-19,2018,3
787,2018-03-20,2018,2
788,2018-03-21,2018,7
789,2018-03-22,2018,8
790,2018-03-23,2018,6
791,2018-03-24,2018,1
792,2018-03-25,2018,7
793,2018-03-26,2018,4
794,2018-03-27,2018,3
795,2018-03-28,2018,9
796,2018-03-29,2018,4
797,2018-03-30,2018,1
798,2018-03-31,2018,3
799,2018-04-01,2018,4
800,2018-04-02,2018,9
801,2018-04-03,2018,13
802,2018-04-04,2018,6
803,2018-04-05,2018,4
804,2018-04-06,2018,7
805,2018-04-07,2018,6
806,2018-04-08,2018,8
807,2018-04-09,2018,5
808,2018-04-10,2018,6
809,2018-04-11,2018,11
810,2018-04-12,2018,10
811,2018-04-13,2018,6
812,2018-04-14,2018,4
813,2018-04-15,2018,9
814,2018-04-16,2018,2
815,2018-04-17,2018,24
816,2018-04-18,2018,17
817,2018-04-19,2018,14
818,2018-04-20,2018,9
819,2018-04-21,2018,18
820,2018-04-22,2018,8
821,2018-04-23,2018,4
822,2018-04-24,2018,10
823,2018-04-25,2018,7
824,2018-04-26,2018,3
825,2018-04-27,2018,11
826,2018-04-28,2018,9
827,2018-04-29,2018,3
828,2018-04-30,2018,10
829,2018-05-01,2018,7
830,2018-05-02,2018,7
831,2018-05-03,2018,9
832,2018-05-04,2018,10
833,2018-05-05,2018,4
834,2018-05-07,2018,11
835,2018-05-08,2018,7
836,2018-05-09,2018,8
837,2018-05-10,2018,5
838,2018-05-11,2018,5
839,2018-05-12,2018,3
840,2018-05-13,2018,4
841,2018-05-14,2018,7
842,2018-05-15,2018,9
843,2018-05-16,2018,10
844,2018-05-17,2018,11
845,2018-05-18,2018,11
846,2018-05-19,2018,5
847,2018-05-20,2018,9
848,2018-05-21,2018,10
849,2018-05-22,2018,2
850,2018-05-23,2018,17
851,2018-05-24,2018,11
852,2018-05-25,2018,18
853,2018-05-26,2018,10
854,2018-05-27,2018,6
855,2018-05-28,2018,10
856,2018-05-29,2018,7
857,2018-05-30,2018,10
858,2018-05-31,2018,16
859,2018-06-01,2018,6
860,2018-06-02,2018,17
861,2018-06-03,2018,5
862,2018-06-04,2018,12
863,2018-06-05,2018,18
864,2018-06-06,2018,18
865,2018-06-07,2018,20
866,2018-06-08,2018,6
867,2018-06-09,2018,13
868,2018-06-11,2018,11
869,2018-06-12,2018,12
870,2018-06-13,2018,17
871,2018-06-14,2018,7
872,2018-06-15,2018,19
873,2018-06-16,2018,6
874,2018-06-17,2018,14
875,2018-06-18,2018,12
876,2018-06-19,2018,9
877,2018-06-20,2018,16
878,2018-06-21,2018,12
879,2018-06-29,2018,2
880,2018-06-30,2018,14
881,2018-07-01,2018,4
882,2018-07-02,2018,3
883,2018-07-03,2018,21
884,2018-07-04,2018,4
885,2018-07-05,2018,6
886,2018-07-06,2018,6
887,2018-07-07,2018,9
888,2018-07-08,2018,5
889,2018-07-09,2018,7
890,2018-07-10,2018,18
891,2018-07-11,2018,18
892,2018-07-12,2018,10
893,2018-07-13,2018,4
894,2018-07-14,2018,12
895,2018-07-15,2018,13
896,2018-07-16,2018,12
897,2018-07-17,2018,5
898,2018-07-18,2018,15
899,2018-07-19,2018,13
900,2018-07-20,2018,14
901,2018-07-21,2018,6
902,2018-07-22,2018,8
903,2018-07-23,2018,10
904,2018-07-24,2018,16
905,2018-07-25,2018,15
906,2018-07-26,2018,12
907,2018-07-27,2018,16
908,2018-07-28,2018,3
909,2018-07-29,2018,18
910,2018-07-30,2018,14
911,2018-07-31,2018,19
912,2018-08-01,2018,14
913,2018-08-02,2018,13
914,2018-08-03,2018,10
915,2018-08-04,2018,26
916,2018-08-05,2018,13
917,2018-08-06,2018,10
918,2018-08-07,2018,4
919,2018-08-08,2018,10
920,2018-08-09,2018,6
921,2018-08-10,2018,8
922,2018-08-11,2018,9
923,2018-08-12,2018,5
924,2018-08-13,2018,14
925,2018-08-14,2018,17
926,2018-08-15,2018,17
927,2018-08-16,2018,17
928,2018-08-17,2018,18
929,2018-08-18,2018,15
930,2018-08-19,2018,6
931,2018-08-20,2018,9
932,2018-08-21,2018,13
933,2018-08-22,2018,13
934,2018-08-23,2018,13
935,2018-08-24,2018,13
936,2018-08-25,2018,13
937,2018-08-26,2018,8
938,2018-08-27,2018,10
939,2018-08-28,2018,10
940,2018-08-29,2018,24
941,2018-08-30,2018,18
942,2018-08-31,2018,4
943,2018-09-01,2018,17
944,2018-09-02,2018,10
945,2018-09-03,2018,15
946,2018-09-04,2018,12
947,2018-09-05,2018,15
948,2018-09-06,2018,8
949,2018-09-07,2018,9
950,2018-09-08,2018,9
951,2018-09-09,2018,18
952,2018-09-10,2018,23
953,2018-09-11,2018,11
954,2018-09-12,2018,13
955,2018-09-13,2018,17
956,2018-09-14,2018,30
957,2018-09-15,2018,15
958,2018-09-16,2018,9
959,2018-09-17,2018,30
960,2018-09-18,2018,12
961,2018-09-19,2018,9
962,2018-09-20,2018,14
963,2018-09-21,2018,25
964,2018-09-22,2018,10
965,2018-09-23,2018,3
966,2018-09-24,2018,10
967,2018-09-25,2018,15
968,2018-09-26,2018,14
969,2018-09-27,2018,1
970,2018-09-29,2018,3
971,2018-09-30,2018,6
972,2018-10-01,2018,5
973,2018-10-02,2018,11
974,2018-10-03,2018,16
975,2018-10-04,2018,12
976,2018-10-05,2018,10
977,2018-10-06,2018,6
978,2018-10-07,2018,5
979,2018-10-08,2018,8
980,2018-10-09,2018,18
981,2018-10-10,2018,23
982,2018-10-11,2018,11
983,2018-10-12,2018,12
984,2018-10-13,2018,11
985,2018-10-14,2018,11
986,2018-10-15,2018,9
987,2018-10-16,2018,19
988,2018-10-17,2018,23
989,2018-10-18,2018,14
990,2018-10-19,2018,11
991,2018-10-20,2018,12
992,2018-10-21,2018,6
993,2018-10-22,2018,14
994,2018-10-23,2018,15
995,2018-10-24,2018,7
996,2018-10-25,2018,18
997,2018-10-26,2018,11
998,2018-10-27,2018,16
999,2018-10-28,2018,4
1000,2018-10-29,2018,7
1001,2018-10-30,2018,24
1002,2018-10-31,2018,15
1003,2018-11-01,2018,12
1004,2018-11-02,2018,10
1005,2018-11-03,2018,21
1006,2018-11-04,2018,31
1007,2018-11-05,2018,17
1008,2018-11-06,2018,35
1009,2018-11-07,2018,14
1010,2018-11-08,2018,2
1011,2018-11-09,2018,12
1012,2018-11-10,2018,9
1013,2018-11-11,2018,6
1014,2018-11-12,2018,9
1015,2018-11-13,2018,14
1016,2018-11-14,2018,5
1017,2018-11-15,2018,9
1018,2018-11-16,2018,4
1019,2018-11-17,2018,11
1020,2018-11-18,2018,8
1021,2018-11-19,2018,7
1022,2018-11-20,2018,3
1023,2018-11-21,2018,13
1024,2018-11-22,2018,10
1025,2018-11-23,2018,5
1026,2018-11-24,2018,3
1027,2018-11-25,2018,9
1028,2018-11-26,2018,10
1029,2018-11-27,2018,9
1030,2018-11-28,2018,15
1031,2018-11-29,2018,14
1032,2018-11-30,2018,11
1033,2018-12-01,2018,10
1034,2018-12-02,2018,1
1035,2018-12-03,2018,12
1036,2018-12-04,2018,10
1037,2018-12-05,2018,9
1038,2018-12-06,2018,4
1039,2018-12-07,2018,23
1040,2018-12-08,2018,13
1041,2018-12-09,2018,3
1042,2018-12-10,2018,3
1043,2018-12-11,2018,13
1044,2018-12-12,2018,3
1045,2018-12-13,2018,13
1046,2018-12-14,2018,7
1047,2018-12-15,2018,8
1048,2018-12-16,2018,11
1049,2018-12-17,2018,6
1050,2018-12-18,2018,11
1051,2018-12-19,2018,13
1052,2018-12-20,2018,17
1053,2018-12-21,2018,20
1054,2018-12-22,2018,10
1055,2018-12-23,2018,11
1056,2018-12-24,2018,18
1057,2018-12-25,2018,3
1058,2018-12-26,2018,1
1059,2018-12-27,2018,12
1060,2018-12-28,2018,5
1061,2018-12-29,2018,7
1062,2018-12-30,2018,5
1063,2018-12-31,2018,12
1064,2019-01-01,2019,20
1065,2019-01-02,2019,3
1066,2019-01-03,2019,9
1067,2019-01-04,2019,7
1068,2019-01-05,2019,12
1069,2019-01-06,2019,12
1070,2019-01-07,2019,6
1071,2019-01-08,2019,5
1072,2019-01-09,2019,7
1073,2019-01-10,2019,17
1074,2019-01-11,2019,14
1075,2019-01-12,2019,13
1076,2019-01-13,2019,9
1077,2019-01-14,2019,25
1078,2019-01-15,2019,19
1079,2019-01-16,2019,2
1080,2019-01-17,2019,3
1081,2019-01-18,2019,15
1082,2019-01-19,2019,25
1083,2019-01-20,2019,25
1084,2019-01-21,2019,25
1085,2019-01-22,2019,13
1086,2019-01-23,2019,8
1087,2019-01-24,2019,10
1088,2019-01-25,2019,4
1089,2019-01-26,2019,10
1090,2019-01-27,2019,12
1091,2019-01-28,2019,7
1092,2019-01-29,2019,3
1093,2019-01-30,2019,12
1094,2019-01-31,2019,17
1095,2019-02-01,2019,12
1096,2019-02-02,2019,1
1097,2019-02-03,2019,6
1098,2019-02-04,2019,1
1099,2019-02-05,2019,4
1100,2019-02-06,2019,4
1101,2019-02-07,2019,6
1102,2019-02-08,2019,10
1103,2019-02-09,2019,16
1104,2019-02-10,2019,14
1105,2019-02-11,2019,9
1106,2019-02-12,2019,8
1107,2019-02-13,2019,9
1108,2019-02-14,2019,9
1109,2019-02-15,2019,6
1110,2019-02-16,2019,2
1111,2019-02-17,2019,20
1112,2019-02-18,2019,12
1113,2019-02-19,2019,16
1114,2019-02-20,2019,10
1115,2019-02-21,2019,5
1116,2019-02-22,2019,8
1117,2019-02-23,2019,5
1118,2019-02-24,2019,19
1119,2019-02-25,2019,17
1120,2019-02-26,2019,4
1121,2019-02-27,2019,14
1122,2019-02-28,2019,2
1123,2019-03-01,2019,15
1124,2019-03-02,2019,9
1125,2019-03-03,2019,9
1126,2019-03-04,2019,16
1127,2019-03-05,2019,18
1128,2019-03-06,2019,13
1129,2019-03-07,2019,5
1130,2019-03-08,2019,34
1131,2019-03-09,2019,11
1132,2019-03-10,2019,11
1133,2019-03-11,2019,15
1134,2019-03-12,2019,6
1135,2019-03-13,2019,36
1136,2019-03-14,2019,13
1137,2019-03-15,2019,13
1138,2019-03-16,2019,20
1139,2019-03-17,2019,31
1140,2019-03-18,2019,13
1141,2019-03-19,2019,11
1142,2019-03-20,2019,11
1143,2019-03-21,2019,7
1144,2019-03-22,2019,15
1145,2019-03-24,2019,3
1146,2019-03-25,2019,9
1147,2019-03-26,2019,16
1148,2019-03-27,2019,11
1149,2019-03-28,2019,13
1150,2019-03-29,2019,13
1151,2019-03-30,2019,5
1152,2019-03-31,2019,3
1153,2019-04-01,2019,8
1154,2019-04-02,2019,17
1155,2019-04-03,2019,4
1156,2019-04-04,2019,10
1157,2019-04-05,2019,20
1158,2019-04-06,2019,21
1159,2019-04-07,2019,6
1160,2019-04-08,2019,10
1161,2019-04-09,2019,17
1162,2019-04-10,2019,12
1163,2019-04-11,2019,11
1164,2019-04-12,2019,14
1165,2019-04-13,2019,17
1166,2019-04-14,2019,9
1167,2019-04-15,2019,21
1168,2019-04-16,2019,6
1169,2019-04-17,2019,11
1170,2019-04-18,2019,20
1171,2019-04-19,2019,16
1172,2019-04-20,2019,17
1173,2019-04-21,2019,13
1174,2019-04-22,2019,42
1175,2019-04-23,2019,19
1176,2019-04-24,2019,17
1177,2019-04-25,2019,21
1178,2019-04-26,2019,12
1179,2019-04-27,2019,10
1180,2019-04-28,2019,8
1181,2019-04-29,2019,11
1182,2019-04-30,2019,11
1183,2019-05-01,2019,68
1184,2019-05-02,2019,24
1185,2019-05-03,2019,21
1186,2019-05-04,2019,23
1187,2019-05-05,2019,30
1188,2019-05-06,2019,14
1189,2019-05-07,2019,3
1190,2019-05-08,2019,38
1191,2019-05-09,2019,6
1192,2019-05-10,2019,41
1193,2019-05-11,2019,71
1194,2019-05-12,2019,29
1195,2019-05-13,2019,29
1196,2019-05-14,2019,16
1197,2019-05-15,2019,8
1198,2019-05-16,2019,10
1199,2019-05-17,2019,15
1200,2019-05-18,2019,14
1201,2019-05-19,2019,18
1202,2019-05-20,2019,19
1203,2019-05-21,2019,16
1204,2019-05-22,2019,35
1205,2019-05-23,2019,14
1206,2019-05-24,2019,28
1207,2019-05-25,2019,20
1208,2019-05-26,2019,12
1209,2019-05-27,2019,18
1210,2019-05-28,2019,9
1211,2019-05-29,2019,8
1212,2019-05-30,2019,20
1213,2019-05-31,2019,15
1214,2019-06-01,2019,22
1215,2019-06-02,2019,15
1216,2019-06-03,2019,21
1217,2019-06-04,2019,7
1218,2019-06-05,2019,15
1219,2019-06-06,2019,11
1220,2019-06-07,2019,16
1221,2019-06-08,2019,13
1222,2019-06-09,2019,29
1223,2019-06-10,2019,17
1224,2019-06-11,2019,21
1225,2019-06-12,2019,9
1226,2019-06-13,2019,37
1227,2019-06-14,2019,14
1228,2019-06-15,2019,37
1229,2019-06-16,2019,24
1230,2019-06-17,2019,9
1231,2019-06-18,2019,16
1232,2019-06-19,2019,15
1233,2019-06-20,2019,6
1234,2019-06-21,2019,7
1235,2019-06-22,2019,20
1236,2019-06-23,2019,3
1237,2019-06-24,2019,15
1238,2019-06-25,2019,13
1239,2019-06-26,2019,45
1240,2019-06-27,2019,11
1241,2019-06-28,2019,6
1242,2019-06-29,2019,9
1243,2019-06-30,2019,4
1244,2019-07-01,2019,19
1245,2019-07-02,2019,16
1246,2019-07-03,2019,18
1247,2019-07-04,2019,13
1248,2019-07-05,2019,38
1249,2019-07-06,2019,19
1250,2019-07-07,2019,14
1251,2019-07-08,2019,13
1252,2019-07-09,2019,14
1253,2019-07-10,2019,22
1254,2019-07-11,2019,32
1255,2019-07-12,2019,54
1256,2019-07-13,2019,40
1257,2019-07-14,2019,31
1258,2019-07-15,2019,18
1259,2019-07-16,2019,12
1260,2019-07-17,2019,14
1261,2019-07-18,2019,14
1262,2019-07-19,2019,25
1263,2019-07-20,2019,31
1264,2019-07-21,2019,10
1265,2019-07-22,2019,21
1266,2019-07-23,2019,20
1267,2019-07-24,2019,34
1268,2019-07-25,2019,26
1269,2019-07-26,2019,16
1270,2019-07-27,2019,12
1271,2019-07-28,2019,24
1272,2019-07-29,2019,24
1273,2019-07-30,2019,29
1274,2019-07-31,2019,19
1275,2019-08-01,2019,16
1276,2019-08-02,2019,13
1277,2019-08-03,2019,15
1278,2019-08-04,2019,9
1279,2019-08-05,2019,11
1280,2019-08-06,2019,18
1281,2019-08-07,2019,21
1282,2019-08-08,2019,18
1283,2019-08-09,2019,9
1284,2019-08-10,2019,11
1285,2019-08-11,2019,5
1286,2019-08-12,2019,19
1287,2019-08-13,2019,39
1288,2019-08-14,2019,25
1289,2019-08-15,2019,33
1290,2019-08-16,2019,25
1291,2019-08-17,2019,34
1292,2019-08-18,2019,14
1293,2019-08-19,2019,19
1294,2019-08-20,2019,35
1295,2019-08-21,2019,24
1296,2019-08-22,2019,12
1297,2019-08-23,2019,46
1298,2019-08-24,2019,35
1299,2019-08-25,2019,37
1300,2019-08-26,2019,13
1301,2019-08-27,2019,19
1302,2019-08-28,2019,15
1303,2019-08-29,2019,15
1304,2019-08-30,2019,24
1305,2019-08-31,2019,61
1306,2019-09-01,2019,34
1307,2019-09-02,2019,33
1308,2019-09-03,2019,22
1309,2019-09-04,2019,25
1310,2019-09-05,2019,30
1311,2019-09-06,2019,26
1312,2019-09-07,2019,27
1313,2019-09-08,2019,9
1314,2019-09-09,2019,36
1315,2019-09-10,2019,26
1316,2019-09-11,2019,33
1317,2019-09-12,2019,26
1318,2019-09-13,2019,16
1319,2019-09-14,2019,23
1320,2019-09-15,2019,18
1321,2019-09-16,2019,31
1322,2019-09-17,2019,12
1323,2019-09-18,2019,43
1324,2019-09-19,2019,7
1325,2019-09-20,2019,16
1326,2019-09-21,2019,19
1327,2019-09-22,2019,19
1328,2019-09-23,2019,13
1329,2019-09-24,2019,20
1330,2019-09-25,2019,37
1331,2019-09-26,2019,55
1332,2019-09-27,2019,24
1333,2019-09-28,2019,20
1334,2019-09-29,2019,62
1335,2019-09-30,2019,35
1336,2019-10-01,2019,30
1337,2019-10-02,2019,23
1338,2019-10-03,2019,42
1339,2019-10-04,2019,36
1340,2019-10-05,2019,45
1341,2019-10-06,2019,44
1342,2019-10-07,2019,26
1343,2019-10-08,2019,51
1344,2019-10-09,2019,49
1345,2019-10-10,2019,24
1346,2019-10-11,2019,52
1347,2019-10-12,2019,28
1348,2019-10-13,2019,24
1349,2019-10-14,2019,34
1350,2019-10-15,2019,15
1351,2019-10-16,2019,25
1352,2019-10-17,2019,32
1353,2019-10-18,2019,22
1354,2019-10-19,2019,55
1355,2019-10-20,2019,22
1356,2019-10-21,2019,18
1357,2019-10-22,2019,41
1358,2019-10-23,2019,47
1359,2019-10-24,2019,15
1360,2019-10-25,2019,42
1361,2019-10-26,2019,36
1362,2019-10-27,2019,7
1363,2019-10-28,2019,14
1364,2019-10-29,2019,48
1365,2019-10-30,2019,34
1366,2019-10-31,2019,37
1367,2019-11-01,2019,37
1368,2019-11-02,2019,35
1369,2019-11-03,2019,24
1370,2019-11-04,2019,38
1371,2019-11-05,2019,40
1372,2019-11-06,2019,23
1373,2019-11-07,2019,19
1374,2019-11-08,2019,6
1375,2019-11-09,2019,44
1376,2019-11-10,2019,51
1377,2019-11-11,2019,38
1378,2019-11-12,2019,14
1379,2019-11-13,2019,43
1380,2019-11-14,2019,34
1381,2019-11-15,2019,43
1382,2019-11-16,2019,25
1383,2019-11-17,2019,51
1384,2019-11-18,2019,14
1385,2019-11-19,2019,38
1386,2019-11-20,2019,37
1387,2019-11-21,2019,35
1388,2019-11-22,2019,30
1389,2019-11-23,2019,17
1390,2019-11-24,2019,52
1391,2019-11-25,2019,11
1392,2019-11-26,2019,25
1393,2019-11-27,2019,11
1394,2019-11-28,2019,6
1395,2019-11-29,2019,3
1396,2019-11-30,2019,18
1397,2019-12-01,2019,5
1398,2019-12-02,2019,35
1399,2019-12-03,2019,33
1400,2019-12-04,2019,31
1401,2019-12-05,2019,25
1402,2019-12-06,2019,26
1403,2019-12-07,2019,46
1404,2019-12-08,2019,97
1405,2019-12-09,2019,18
1406,2019-12-10,2019,48
1407,2019-12-11,2019,78
1408,2019-12-12,2019,112
1409,2019-12-13,2019,30
1410,2019-12-14,2019,28
1411,2019-12-15,2019,30
1412,2019-12-16,2019,58
1413,2019-12-17,2019,17
1414,2019-12-18,2019,53
1415,2019-12-19,2019,81
1416,2019-12-20,2019,41
1417,2019-12-21,2019,23
1418,2019-12-22,2019,8
1419,2019-12-23,2019,28
1420,2019-12-24,2019,16
1421,2019-12-25,2019,9
1422,2019-12-26,2019,21
1423,2019-12-27,2019,29
1424,2019-12-28,2019,57
1425,2019-12-29,2019,5
1426,2019-12-30,2019,3
1427,2019-12-31,2019,35
1428,2020-01-01,2020,23
1429,2020-01-02,2020,17
1430,2020-01-03,2020,11
